id,org,doc_id,document_number,version_slug,status,good,authority,relevance,tier,visibility,redistribute,format,format_profile,language,language_policy,multilingual,ingest,has_INCLUDE,has_EXCLUDE,has_FIELDS,outcome,chunks,vectors,version,source,fallback,normalized,derived,chunked,vectored,reason,findings,non_info,findings_detail,title,url,normativity_requirement,normativity_guidance,normativity_example,normativity_assertion,notes,confirm
REG-C01,far,52.204-21,"FAR 52.204-21",2021-11,active,passing,authoritative,requirement,public,public,true,html,regulation-html,en,single,false,chunk,false,false,false,unchanged,8,0,2021-11,yes,-,yes,yes,yes,-,"content hash matches the previous run; re-derived: built by pipeline 0.3.5, this is 0.3.6",1,0,"","Basic Safeguarding of Covered Contractor Information Systems","https://www.acquisition.gov/far/52.204-21","clause text; definition","prescription","","","The 15 FCI safeguarding requirements; CMMC Level 1 basis. Chunking intent: whole clause + per requirement (b)(1)(i)-(xv). Under the Revolutionary FAR Overhaul class deviations its successor is FAR 52.240-93 (REG-C13); this row stays for contracts on the codified FAR.",""
REG-C02,dfars,252.204-7012,"DFARS 252.204-7012",2024-05,active,passing,authoritative,requirement,public,public,true,html,regulation-html,en,single,false,chunk,false,false,false,unchanged,27,0,2024-05,yes,-,yes,yes,yes,-,"content hash matches the previous run; re-derived: built by pipeline 0.3.5, this is 0.3.6",2,0,"","Safeguarding Covered Defense Information and Cyber Incident Reporting","https://www.acquisition.gov/dfars/252.204-7012-safeguarding-covered-defense-information-and-cyber-incident-reporting.","clause text; definition","prescription","","","800-171 flow-down, 72-hour DIBNet reporting, cloud FedRAMP Moderate equivalency. Chunking intent: by paragraph.",""
REG-C03,dfars,252.204-7019,"DFARS 252.204-7019",2023-11,active,passing,never-cite,supporting,public,public,true,html,regulation-html,en,single,false,chunk,false,false,false,unchanged,6,0,2023-11,yes,-,yes,yes,yes,-,"content hash matches the previous run; re-derived: built by pipeline 0.3.5, this is 0.3.6",2,0,"","Notice of NIST SP 800-171 DoD Assessment Requirements","https://www.acquisition.gov/dfars/252.204-7019-notice-nist-sp-800-171-dod-assessment-requirements.","provision text; definition","prescription","","","SPRS score posting requirement (solicitation provision). Eliminated by the Revolutionary FAR Overhaul DFARS class deviations effective 2026-02-01; DFARS Class Deviation 2026-O0025 Revision 3 (REG-R09) does not carry it. Retained in registry so a consumer can reject it by ID and the bot can explain its removal. Chunking intent: by paragraph.",""
REG-C04,dfars,252.240-7997,"DFARS 252.240-7997 (formerly 252.204-7020)",2023-11,active,passing,authoritative,requirement,public,public,true,html,regulation-html,en,single,false,chunk,false,false,false,unchanged,11,0,2023-11,yes,-,yes,yes,yes,-,"content hash matches the previous run; re-derived: built by pipeline 0.3.5, this is 0.3.6",2,0,"","NIST SP 800-171 DoD Assessment Requirements","https://www.acquisition.gov/dfars/252.204-7020-nist-sp-800-171-dod-assessment-requirements.","clause text; definition","prescription","","","DoD Medium/High assessment access; basic self-assessment and SPRS-upload obligation removed under the RFO. Renumbered from 252.204-7020 by RFO class deviation effective 2026-02-01; keep alias 252.204-7020 so older citations resolve. The current text of 252.240-7997 is in DFARS Class Deviation 2026-O0025 Revision 3 (REG-R09), prescribed at 240.370-5(d). Chunking intent: by paragraph. Published 2026-02 (RFO class deviation).",""
REG-C05,dfars,252.204-7021,"DFARS 252.204-7021",2025-11,active,passing,authoritative,requirement,public,public,true,html,regulation-html,en,single,false,chunk,false,false,false,unchanged,12,0,2025-11,yes,-,yes,yes,yes,-,"content hash matches the previous run; re-derived: built by pipeline 0.3.5, this is 0.3.6",2,0,"","Contractor Compliance With the Cybersecurity Maturity Model Certification Level Requirements","https://www.acquisition.gov/dfars/252.204-7021-contractor-compliance-cybersecurity-maturity-model-certification-level-requirements.","clause text; definition","prescription","","","Maintain certification at the required level; FCI/CUI only on systems meeting the level. DoD CIO resources page still lists this clause as TBD; this is the retitled final clause. Retained by DFARS Class Deviation 2026-O0025 Revision 3 (REG-R09, 2026-09-03), prescribed at 240.371-5(a). Chunking intent: by paragraph.",""
REG-C06,dfars,252.204-7025,"DFARS 252.204-7025",2025-11,active,passing,authoritative,requirement,public,public,true,html,regulation-html,en,single,false,chunk,false,false,false,unchanged,5,0,2025-11,yes,-,yes,yes,yes,-,"content hash matches the previous run; re-derived: built by pipeline 0.3.5, this is 0.3.6",2,0,"","Notice of Cybersecurity Maturity Model Certification Level Requirements","https://www.acquisition.gov/dfars/252.204-7025-notice-cybersecurity-maturity-model-certification-level-requirements.","provision text; definition","prescription","","","Solicitation provision paired with 252.204-7021. Retained by DFARS Class Deviation 2026-O0025 Revision 3 (REG-R09), prescribed at 240.371-5(b). Chunking intent: by paragraph.",""
REG-C07,dfars,252.204-7008,"DFARS 252.204-7008",2016-10,active,passing,authoritative,requirement,public,public,true,html,regulation-html,en,single,false,chunk,false,false,false,unchanged,4,0,2016-10,yes,-,yes,yes,yes,-,"content hash matches the previous run; re-derived: built by pipeline 0.3.5, this is 0.3.6",2,0,"","Compliance with Safeguarding Covered Defense Information Controls","https://www.acquisition.gov/dfars/252.204-7008-compliance-safeguarding-covered-defense-information-controls.","provision text; definition","prescription","","","Solicitation provision paired with 252.204-7012: by submitting an offer, the offeror represents it will implement NIST SP 800-171, or request variances. Cited by the system security plans (Document References). Version is the clause date on acquisition.gov (2016-10). Chunking intent: by paragraph. The Revolutionary FAR Overhaul class deviations of 2026-02-01 are recorded as eliminating 252.204-7019 and renumbering 252.204-7020 (REG-R05); nothing records an effect on this provision, so none is assumed.",""
REG-C08,dfars,252.204-7016,"DFARS 252.204-7016",2019-12,active,passing,authoritative,requirement,public,public,true,html,regulation-html,en,single,false,chunk,false,false,false,unchanged,4,0,2019-12,yes,-,yes,yes,yes,-,"content hash matches the previous run; re-derived: built by pipeline 0.3.5, this is 0.3.6",2,0,"","Covered Defense Telecommunications Equipment or Services—Representation","https://www.acquisition.gov/dfars/252.204-7016-covered-defense-telecommunications-equipment-or-services%E2%80%94representation.","provision text; definition","prescription","","","Solicitation provision (Section 889 / NDAA FY2019 sec. 1656): the offeror represents whether it provides covered defense telecommunications equipment or services. Cited by the system security plans (Document References). Version is the clause date on acquisition.gov (2019-12). Chunking intent: by paragraph.",""
REG-C09,dfars,252.204-7017,"DFARS 252.204-7017",2021-05,active,passing,authoritative,requirement,public,public,true,html,regulation-html,en,single,false,chunk,false,false,false,unchanged,7,0,2021-05,yes,-,yes,yes,yes,-,"content hash matches the previous run; re-derived: built by pipeline 0.3.5, this is 0.3.6",2,0,"","Prohibition on the Acquisition of Covered Defense Telecommunications Equipment or Services—Representation","https://www.acquisition.gov/dfars/252.204-7017-prohibition-acquisition-covered-defense-telecommunications-equipment-or-services%E2%80%94representation.","provision text; definition","prescription","","","Solicitation provision: the offeror represents whether it will provide covered defense telecommunications equipment or services, with disclosure. Cited by the system security plans (Document References). Version is the clause date on acquisition.gov (2021-05). Chunking intent: by paragraph.",""
REG-C10,dfars,252.204-7018,"DFARS 252.204-7018",2023-01,active,passing,authoritative,requirement,public,public,true,html,regulation-html,en,single,false,chunk,false,false,false,unchanged,10,0,2023-01,yes,-,yes,yes,yes,-,"content hash matches the previous run; re-derived: built by pipeline 0.3.5, this is 0.3.6",2,0,"","Prohibition on the Acquisition of Covered Defense Telecommunications Equipment or Services","https://www.acquisition.gov/dfars/252.204-7018-prohibition-acquisition-covered-defense-telecommunications-equipment-or-services.","clause text; definition","prescription","","","Contract clause prohibiting covered defense telecommunications equipment or services, with reporting and flow-down; paired with 252.204-7016 and -7017. Cited by the system security plans (Document References). Version is the clause date on acquisition.gov (2023-01). Chunking intent: by paragraph.",""
REG-C11,dfars,252.227-7013,"DFARS 252.227-7013",2025-08,active,passing,authoritative,requirement,public,public,true,html,regulation-html,en,single,false,chunk,false,false,false,unchanged,38,0,2025-08,yes,-,yes,yes,yes,-,"content hash matches the previous run; re-derived: built by pipeline 0.3.5, this is 0.3.6",2,0,"","Rights in Technical Data—Other Than Commercial Products and Commercial Services","https://www.acquisition.gov/dfars/252.227-7013-rights-technical-data%E2%80%94other-commercial-products-and-commercial-services.","clause text; definition","prescription","","","Contract clause on the Government's rights in noncommercial technical data and its restrictive markings; relevant to marking controlled technical information. Cited by the system security plans (Document References). Version is the clause date on acquisition.gov (2025-08). Chunking intent: by paragraph.",""
REG-C12,dfars,252.227-7016,"DFARS 252.227-7016",2023-01,active,passing,authoritative,requirement,public,public,true,html,regulation-html,en,single,false,chunk,false,false,false,unchanged,8,0,2023-01,yes,-,yes,yes,yes,-,"content hash matches the previous run; re-derived: built by pipeline 0.3.5, this is 0.3.6",2,0,"","Rights in Bid or Proposal Information","https://www.acquisition.gov/dfars/252.227-7016-rights-bid-or-proposal-information.","clause text; definition","prescription","","","Contract clause on the Government's rights in technical data and software submitted in bids or proposals. Cited by the system security plans (Document References). Version is the clause date on acquisition.gov (2023-01). Chunking intent: by paragraph.",""
REG-C13,far,52.240-93,"FAR 52.240-93",2025-11,active,passing,authoritative,requirement,public,public,true,html,regulation-html,en,single,false,chunk,false,false,false,unchanged,8,0,2025-11,yes,-,yes,yes,yes,-,"content hash matches the previous run; re-derived: built by pipeline 0.3.5, this is 0.3.6",1,0,"","Basic Safeguarding of Covered Contractor Information Systems","https://www.acquisition.gov/far-overhaul/far-part-deviation-guide/far-overhaul-part-52","clause text; definition","prescription","","","The Revolutionary FAR Overhaul successor to FAR 52.204-21 (REG-C01), in FAR Part 40 (prescribed at 40.303-2): the same 15 FCI safeguarding requirements, (b)(1)(i)-(xv), for contracts written under the RFO class deviations. Not codified: acquisition.gov has no page of its own for it (/far/52.240-93 is 404), so the row reads the FAR Overhaul Part 52 page, which holds every clause, and select.provision cuts it to this one (ADR-0019). The model text there is undated ('Deviation Date'); version is the clause date GSA's Solicitation Writing System gives it, NOV 2025. Built 2026-10-10 from a single-clause GSA PDF until the pipeline could cut a page to one provision. REG-C01 is retained for contracts on the codified FAR. Added 2026-10-10. Chunking intent: whole clause + per requirement (b)(1)(i)-(xv).",""
REG-C14,dfars,252.239-7010,"DFARS 252.239-7010",2023-01,active,passing,authoritative,requirement,public,public,true,html,regulation-html,en,single,false,chunk,false,false,false,unchanged,20,0,2023-01,yes,-,yes,yes,yes,-,"content hash matches the previous run; re-derived: built by pipeline 0.3.5, this is 0.3.6",2,0,"","Cloud Computing Services","https://www.acquisition.gov/dfars/252.239-7010-cloud-computing-services.","clause text; definition","prescription","","","Contract clause for cloud computing services, prescribed at 239.7604(b): DoD Cloud Computing SRG authorization, data location, and cyber-incident reporting. The cloud clause 252.204-7012 points to. Version is the clause date on acquisition.gov (JAN 2023). Added 2026-10-10 (DP-B5, hunt list #366). Chunking intent: by paragraph.",""
REG-C15,far,52.204-23,"FAR 52.204-23",2023-12,active,passing,authoritative,requirement,public,public,true,html,regulation-html,en,single,false,chunk,false,false,false,unchanged,6,0,2023-12,yes,-,yes,yes,yes,-,"content hash matches the previous run; re-derived: built by pipeline 0.3.5, this is 0.3.6",1,0,"","Prohibition on Contracting for Hardware, Software, and Services Developed or Provided by Kaspersky Lab Covered Entities","https://www.acquisition.gov/far/52.204-23","clause text; definition","prescription","","","Contract clause implementing FY2018 NDAA section 1634: no Kaspersky Lab covered article may be provided to the Government or used in performance, from 2018-10-01, with a reporting duty. Version is the clause date on acquisition.gov (Dec 2023). Added 2026-10-10. Chunking intent: by paragraph.",""
REG-C16,far,52.204-24,"FAR 52.204-24",2021-11,active,passing,authoritative,requirement,public,public,true,html,regulation-html,en,single,false,chunk,false,false,false,unchanged,7,0,2021-11,yes,-,yes,yes,yes,-,"content hash matches the previous run; re-derived: built by pipeline 0.3.5, this is 0.3.6",2,0,"","Representation Regarding Certain Telecommunications and Video Surveillance Services or Equipment","https://www.acquisition.gov/far/52.204-24","provision text; definition","prescription","","","Solicitation provision: the offeror represents whether it will provide, or uses, covered telecommunications equipment or services (FY2019 NDAA section 889); the prohibition itself is FAR 52.204-25. Version is the provision date on acquisition.gov (Nov 2021). Added 2026-10-10. Chunking intent: by paragraph.",""
REG-C17,far,52.204-27,"FAR 52.204-27",2023-06,active,passing,authoritative,requirement,public,public,true,html,regulation-html,en,single,false,chunk,false,false,false,unchanged,4,0,2023-06,yes,-,yes,yes,yes,-,"content hash matches the previous run; re-derived: built by pipeline 0.3.5, this is 0.3.6",1,0,"","Prohibition on a ByteDance Covered Application","https://www.acquisition.gov/far/52.204-27","clause text; definition","prescription","","","Contract clause implementing the No TikTok on Government Devices Act: TikTok, or any successor application of ByteDance Limited, may not be on information technology used by or for the Government. Version is the clause date on acquisition.gov (Jun 2023). Added 2026-10-10. Chunking intent: by paragraph.",""
REG-D01,dod-cio,cmmc-model-overview,"DoD-CIO-00001",2.13,active,passing,authoritative,guidance,public,public,true,pdf,general,en,single,false,chunk,false,true,false,unchanged,111,0,2.13,yes,yes,-,yes,yes,-,"content hash matches the previous run; re-derived: built by pipeline 0.3.5, this is 0.3.6",17,0,"","CMMC Model Overview","https://dodcio.defense.gov/Portals/0/Documents/CMMC/ModelOverviewv2.pdf","practice identifiers / level structure","narrative","","","Level structure; practice identifier form (AC.L2-3.1.1); mapping to 800-171. Chunking intent: by section. Published 2024-09.",""
REG-D02,dod-cio,cmmc-assessment-guide-l1,"DoD-CIO-00002",2.13,active,passing,authoritative,guidance,public,public,true,pdf,cmmc-guide,en,single,false,chunk,false,false,false,unchanged,146,0,2.13,yes,yes,-,yes,yes,-,"content hash matches the previous run; re-derived: built by pipeline 0.3.5, this is 0.3.6",6,0,"","CMMC Assessment Guide – Level 1","https://dodcio.defense.gov/Portals/0/Documents/CMMC/AssessmentGuideL1v2.pdf","requirement; assessment objective","examine; interview; test; discussion; further discussion; assessment consideration; key references; footnote; prose","example","","FCI self-assessment guidance. Chunking intent: by practice. Published 2024-09.",""
REG-D03,dod-cio,cmmc-assessment-guide-l2,"DoD-CIO-00003",2.13,active,passing,authoritative,guidance,public,public,true,pdf,cmmc-guide,en,single,false,chunk,false,false,false,unchanged,1549,0,2.13,yes,yes,-,yes,yes,-,"content hash matches the previous run; re-derived: built by pipeline 0.3.5, this is 0.3.6",4,0,"","CMMC Assessment Guide – Level 2","https://dodcio.defense.gov/Portals/0/Documents/CMMC/AssessmentGuideL2v2.pdf","requirement; assessment objective","examine; interview; test; discussion; further discussion; assessment consideration; key references; footnote; prose","example","","Per-objective discussion, further discussion, and assessment considerations; second most-retrieved document after REG-N02. Chunking intent: by practice, sub-chunk per objective. Published 2024-09.",""
REG-D04,dod-cio,cmmc-assessment-guide-l3,"DoD-CIO-00004",2.13,active,passing,authoritative,guidance,public,public,true,pdf,cmmc-guide,en,single,false,chunk,false,false,false,unchanged,183,0,2.13,yes,yes,-,yes,yes,-,"content hash matches the previous run; re-derived: built by pipeline 0.3.5, this is 0.3.6",5,0,"","CMMC Assessment Guide – Level 3","https://dodcio.defense.gov/Portals/0/Documents/CMMC/AssessmentGuideL3.pdf","requirement; assessment objective","examine; interview; test; discussion; further discussion; assessment consideration; key references; footnote; prose","example","","Only if Level 3 questions are expected. Authoritative for Level 3, as REG-D03 is for Level 2 (decided 2026-10-04); its restatements of NIST SP 800-172/172A are dropped where REG-N10/N11 hold them (qa.suppress_against). Chunking intent: by practice. Published 2024-09.",""
REG-D05,dod-cio,cmmc-scoping-guide-l1,"DoD-CIO-00005",2.13,active,passing,authoritative,guidance,public,public,true,pdf,general,en,single,false,chunk,false,false,false,unchanged,4,0,2.13,yes,yes,-,yes,yes,-,"content hash matches the previous run; re-derived: built by pipeline 0.3.5, this is 0.3.6",2,0,"","CMMC Scoping Guide – Level 1","https://dodcio.defense.gov/Portals/0/Documents/CMMC/ScopingGuideL1v2.pdf","asset category definitions","narrative","","","Level 1 asset scoping. Chunking intent: by section. Published 2024-09.",""
REG-D06,dod-cio,cmmc-scoping-guide-l2,"DoD-CIO-00006",2.13,active,passing,authoritative,guidance,public,public,true,pdf,general,en,single,false,chunk,false,false,false,unchanged,13,0,2.13,yes,yes,-,yes,yes,-,"content hash matches the previous run; re-derived: built by pipeline 0.3.5, this is 0.3.6",2,0,"","CMMC Scoping Guide – Level 2","https://dodcio.defense.gov/Portals/0/Documents/CMMC/ScopingGuideL2v2.pdf","asset category definitions and requirements table","narrative","scenario figures","","Asset categories (CUI Asset, SPA, CRMA, Specialized, Out-of-Scope) — the asset-type vocabulary CMMC scoping is expressed in. Chunking intent: by section, asset table as structured rows. Published 2024-09.",""
REG-D07,dod-cio,cmmc-101-brief,"CMMC 101 Brief (Nov 2025)",2025-11,active,passing,derived,supporting,public,public,true,pdf,general,en,single,false,chunk,false,false,false,unchanged,7,0,2025-11,yes,yes,-,yes,yes,-,"content hash matches the previous run; re-derived: built by pipeline 0.3.5, this is 0.3.6",2,0,"","CMMC 101 Brief","https://dodcio.defense.gov/Portals/0/Documents/CMMC/CMMC-101-Nov2025.pdf","","","","","Awareness content; business tier. The November 2025 brief (CMMC-101-Nov2025.pdf); url and version supplied 2026-10-07 by the user, so the row is chunked again. 17 pages. Chunking intent: by slide.",""
REG-D08,dod-cio,cmmc-overview-briefing,"DVIDS video 944070 (VIRIN 241104-D-FP430-4162)",2024-11-04,active,passing,derived,supporting,public,public,true,audio,transcript,en,single,false,chunk,false,false,false,unchanged,3,0,2024-11-04,yes,yes,-,yes,yes,-,"content hash matches the previous run; re-derived: built by pipeline 0.3.5, this is 0.3.6",2,0,"","CMMC Overview Briefing (Audio)","https://www.dvidshub.net/download/video_transcript/944070","","prose","","","DoD CIO video 'Cybersecurity Maturity Model Certification (CMMC) Program' on DVIDS (video 944070, taken 2024-11-04, posted 2024-11-18, 11:52): the Deputy CIO for Cybersecurity introduces the CMMC program rule, 32 CFR Part 170, and C3PAO Level 2 assessments. Ingested through the transcript DVIDS publishes for it (audio/transcript); the pipeline does not transcribe. The transcript is machine-generated and kept verbatim, mis-heard acronyms included ('CM MC' for CMMC, 'C three Pao' for C3PAO, 'Dar's' for DFARS). DVIDS refuses automated clients (403), so the row builds from the copy committed under fallback/. Activated 2026-10-10. Chunking intent: paragraphs of the transcript.",""
REG-D09,dod-cio,cmmc-alignment-to-nist,"CMMC Alignment to NIST Standards (Feb 2025)",2025-02,active,passing,derived,supporting,public,public,true,pdf,general,en,single,false,chunk,false,false,false,unchanged,13,0,2025-02,yes,yes,-,yes,yes,-,"content hash matches the previous run; re-derived: built by pipeline 0.3.5, this is 0.3.6",2,0,"","CMMC Briefing: CMMC Alignment to NIST Standards","https://dodcio.defense.gov/Portals/0/Documents/CMMC/CMMC-AlignmentNIST-Standards.pdf","","","","","Explains why 800-171 Rev 2 remains the CMMC target; use for Rev 2 vs Rev 3 questions. Chunking intent: by slide. Published 2025-02 (cleared for open publication 2025-01-21). Version and folder recorded 2026-10-08; the folder was named 2.13, borrowed from the CMMC guides.",""
REG-D10,dod-cio,cmmc-sprs-briefing,"CMMC Briefing: DoD SPRS (Feb 2025)",2025-02,active,passing,derived,supporting,public,public,true,pdf,general,en,single,false,chunk,false,false,false,unchanged,10,0,2025-02,yes,yes,-,yes,yes,-,"content hash matches the previous run; re-derived: built by pipeline 0.3.5, this is 0.3.6",2,0,"","CMMC Briefing: DoD SPRS","https://dodcio.defense.gov/Portals/0/Documents/CMMC/CMMC-SPRS.pdf","","","","","SPRS score mechanics. url supplied 2026-10-07 by the user, so the row is active and chunked. Version is the publication date this row has carried (2025-02); the file name carries none. Confirmed 2026-10-08 against the document: the briefing is dated 12 February 2025, 27 pages. Chunking intent: by slide.",""
REG-D11,dod-cio,dib-csaas-slick-sheet,"DIB CSaaS Slick Sheet",current,planned,-,derived,supporting,public,public,true,pdf,general,en,single,false,optional,false,false,false,skipped,0,0,current,-,-,-,-,-,-,"registry status is 'planned'",0,0,"","DoD Defense Industrial Base Cybersecurity Services (DIB CSaaS) Slick Sheet","","","","","","Marketing sheet; marginal value.",""
REG-D12,dod-cio,cmmc-faq,"CMMC FAQ Rev. 2.3",2.3,active,passing,authoritative,guidance,public,public,true,pdf,general,en,single,false,chunk,false,false,false,unchanged,16,0,2.3,yes,yes,-,yes,yes,-,"content hash matches the previous run; re-derived: built by pipeline 0.3.5, this is 0.3.6",2,0,"","Cybersecurity Maturity Model Certification Program (CMMC) Frequently Asked Questions","https://dodcio.defense.gov/Portals/0/Documents/CMMC/FAQsv6.pdf","","all","","","DoD CIO's answers to frequently asked questions about the CMMC program: Revision 2.3 (Excerpt), July 2026, 17 pages, published as FAQsv6.pdf. Cited by the system security plans for VDI endpoint scoping. Every answer is DoD's interpretation, never the rule itself (32 CFR 170, REG-R01). Chunking intent: by question. Added 2026-10-07; date confirmed by the user, revision, title and page count read from the document.",""
REG-F01,scf,scf-catalog,"SCF 2026.3",2026.3,active,passing,corroborating,supporting,public,public,false,xlsx,scf-workbook,en,single,false,chunk,false,false,false,unchanged,13452,0,2026.3,yes,-,-,yes,yes,-,"content hash matches the previous run; re-derived: built by pipeline 0.3.5, this is 0.3.6",15,0,"","Secure Controls Framework (SCF) 2026.3 — Control Catalog, Assessment Objectives and Evidence Request List","https://raw.githubusercontent.com/securecontrolsframework/securecontrolsframework/main/secure-controls-framework-scf-2026-3.xlsx","","control; control question; control risk; assessment objective; evidence request; domain; risk; threat; focal document","possible solutions","","The SCF 2026.3 workbook, read by the scf-workbook parser (PLAN Phase 10). Imported: the catalogue (1,591 controls: description, question, risk if not implemented, possible solutions by business size, cadence, weighting, PPTDF, errata), its mappings to NIST 800-53 R5.2, 800-171 R2/R3, 800-171A R2/R3, 800-172 R3, 800-172A R3, CMMC 2.0 L1/L1 AOs/L2/L3, DFARS 252.204-7012, FAR 52.204-21/-25/-27, DEFSTAN 05-138 L1-L3, ITSP-10-171 (= 800-171 R3) and ISO 27001/27002 (external) as maps-to relations named by the Focal Documents identifier; the assessment objectives with their origins (derived-from 800-53A/800-171A/800-172A objectives) and CMMC L1 AOs; the evidence request list; domains; the risk and threat catalogues (Possible and Likely kept, Unlikely skipped); the focal documents. READ THIS builds the SCF id map (scf-id-map.json beside the chunks), through which every row declaring scf_edition 'legacy' is read. The workbook holds no STRM sheets: the set-theory mappings are behind the Focal Documents' STRM URLs, recorded and not fetched. Every chunk carries authority=derived and is never cited for posture; the row's corroborating authority is the mapping relations'. Published 2026-07-07; 2026.3 renumbered the catalogue. Decided 2026-10-06: the original is not redistributed (redistribute: false); its derived text is published.",""
REG-F02,cyber-ab,cap,"CAP",2.0,active,passing,corroborating,guidance,public,public,false,pdf,general,en,single,false,chunk,false,false,false,unchanged,31,0,2.0,yes,-,-,yes,yes,-,"content hash matches the previous run; re-derived: built by pipeline 0.3.5, this is 0.3.6",2,0,"","CMMC Assessment Process (CAP)","https://cyberab.org/Portals/0/CMMC%20Assessment%20Process%20v2.0.pdf?ver=fEk1pUK1Fg26fVtopxv_DA%3d%3d","","all","","","Phase-by-phase Level 2 C3PAO assessment process; 'what to expect', never OSC obligation (that is REG-R01). Chunking intent: by phase. Published 2024-12. Decided 2026-10-06: the original is not redistributed (redistribute: false); its derived text is published. Confirmed 2026-10-07: v2.0 (December 2024) is the latest edition; no later version exists.",""
REG-F03,cyber-ab,copc,"CoPC",2.0,active,passing,corroborating,supporting,public,public,false,pdf,general,en,single,false,chunk,false,false,false,unchanged,32,0,2.0,yes,-,-,yes,yes,-,"content hash matches the previous run; re-derived: built by pipeline 0.3.5, this is 0.3.6",2,0,"","CMMC Code of Professional Conduct (CoPC)","https://cyberab.org/Portals/0/CMMC%20Code%20of%20Professional%20Conduct%20v2.0.pdf?ver=krReGtXNbAyo2Q0LySqazg%3d%3d","principles binding CMMC ecosystem participants","commentary","","","Binds C3PAOs, assessors, RPOs; use for independence, confidentiality and appeals questions only. audience: reference — router surfaces only for ecosystem intents. Chunking intent: by principle. Decided 2026-10-06: the original is not redistributed (redistribute: false); its derived text is published. Confirmed 2026-10-07: v2.0 (December 2024) is the latest edition; no later version exists.",""
REG-N01,nist,sp-800-171,"NIST SP 800-171 Rev. 2",r2u1,planned,-,authoritative,requirement,public,public,true,json,cprt-json,en,single,false,chunk,false,false,true,skipped,0,0,Rev. 2 Upd 1,-,-,-,-,-,-,"registry status is 'planned'",1,0,"","Protecting Controlled Unclassified Information in Nonfederal Systems and Organizations","https://csrc.nist.gov/extensions/nudp/services/json/nudp/framework/version/sp_800_171_2_0_0/export/json?element=all","requirement","800-53 mapping","discussion","","The 110 security requirements; source of controls.json; the assessment target. Withdrawn by NIST 2025-05-14; retained as DoD assessment basis under Class Deviation 2024-O0013. Primary source is the NIST CPRT export (all elements). Stage 2 validates schema and 110-control coverage, string-matches every statement to the Upd 1 PDF once (mismatch = QA finding), and enriches chunks with page numbers from the PDF without writing back to the JSON. Version corrected from 'Rev. 2' to 'Rev. 2 Upd 1': this row and REG-N01b share a url and REG-N01b's notes record them as the same PDF, so they are the same artifact at one version. Chunking intent: one chunk per field per control: {id}/statement, {id}/discussion; page from PDF at ingest. Published 2020-02 (updated 2021-01-28).","Confirm the JSON was produced from Rev 2 Update 1 (2021-01-28 errata)."
REG-N01b,nist,sp-800-171,"NIST SP 800-171 Rev. 2 (PDF, lead material)",r2u1,active,passing,authoritative,requirement,public,public,true,pdf,nist-companion,en,single,false,chunk,false,false,false,unchanged,412,0,Rev. 2 Upd 1,yes,-,-,yes,yes,-,"content hash matches the previous run; re-derived: built by pipeline 0.3.5, this is 0.3.6",4,0,"","Protecting CUI in Nonfederal Systems and Organizations — Chapters 1–2 and Appendices A–E","https://nvlpubs.nist.gov/nistpubs/SpecialPublications/NIST.SP.800-171r2.pdf","requirement; assessment objective","discussion; examine; interview; test; references; protection strategy; adversary effects; organization-defined parameters; withdraw_reason; prose","","","Introduction, fundamentals (basic vs derived requirements, CUI framing), references, glossary, acronyms, 800-53/ISO mapping, tailoring criteria and NFO controls — the material business users' 'what is' questions land on. Same PDF as used to verify and page-enrich REG-N01; one fetch, two registry rows. Chunking intent: by heading; Appendix B → Term nodes (defined_in: 800-171r2); Appendix D → MAPS_TO edges; Appendix E → NFO list; Appendix F skipped (discussion comes from REG-N01 JSON). Published 2021-01-28.",""
REG-N02,nist,sp-800-171a,"NIST SP 800-171A",initial,planned,-,authoritative,requirement,public,public,true,json,cprt-json,en,single,false,chunk,false,false,false,skipped,0,0,Initial,-,-,-,-,-,-,"registry status is 'planned'",0,0,"","Assessing Security Requirements for Controlled Unclassified Information","https://csrc.nist.gov/extensions/nudp/services/json/nudp/framework/version/sp_800_171a_1_0_0/export/json?element=all","determination","examine; interview; test; potential assessment methods and objects","","","The 320 assessment objectives; supplied verbatim, never paraphrased. Primary source is the NIST CPRT export. Stage 2 validates 320-objective coverage and parent-control existence, string-matches each determination statement to the PDF once, and page-enriches. Chunking intent: one chunk per field per objective: {id}/determination, {id}/methods_objects. Published 2018-06.",""
REG-N02b,nist,sp-800-171a,"NIST SP 800-171A (PDF, lead material)",initial,active,passing,authoritative,requirement,public,public,true,pdf,nist-companion,en,single,false,chunk,false,false,false,unchanged,835,0,Initial,yes,-,-,yes,yes,-,"content hash matches the previous run; re-derived: built by pipeline 0.3.5, this is 0.3.6",3,0,"","Assessing Security Requirements for CUI — Chapters 1–2 and Appendices","https://nvlpubs.nist.gov/nistpubs/SpecialPublications/NIST.SP.800-171A.pdf","requirement; assessment objective","discussion; examine; interview; test; references; protection strategy; adversary effects; organization-defined parameters; withdraw_reason; prose","","","Assessment procedure fundamentals and method definitions — answers 'what does examine mean' and 'what is an assessment objective'. Same PDF as used to verify and page-enrich REG-N02. Chunking intent: by heading; assessment method definitions (examine / interview / test, depth and coverage) → Term nodes. Published 2018-06.",""
REG-N03,nist,sp-800-171,"NIST SP 800-171 Rev. 3",r3,planned,-,authoritative,supporting,public,public,true,json,cprt-json,en,single,false,chunk,false,false,false,skipped,0,0,Rev. 3,-,-,-,-,-,-,"registry status is 'planned'",0,0,"","Protecting Controlled Unclassified Information in Nonfederal Systems and Organizations","https://csrc.nist.gov/extensions/nudp/services/json/nudp/framework/version/sp_800_171_3_0_0/export/json?element=all","requirement; security_requirement","reference; odp; odp_statement","discussion","","Comparison intents only ('what changes in Rev 3'); never support for current posture. CPRT export sp_800_171_3_0_0 carries the Rev 3 requirements and their discussion, and also restates the Rev 3 assessment content that REG-N04 ingests from sp_800_171_a_3_0_0. The two exports overlap by design on NIST's side; the determination, examine, interview and test elements are left unmapped here so they carry the conservative guidance default, and REG-N04 remains the row those are retrieved from. Chunking intent: one chunk per element per requirement, from the CPRT export. Published 2024-05.",""
REG-N03b,nist,sp-800-171,"NIST SP 800-171 Rev. 3 (PDF)",r3,active,passing,authoritative,supporting,public,public,true,pdf,nist-companion,en,single,false,chunk,false,false,false,unchanged,412,0,Rev. 3,yes,-,-,yes,yes,-,"content hash matches the previous run; re-derived: built by pipeline 0.3.5, this is 0.3.6",4,0,"","Protecting Controlled Unclassified Information in Nonfederal Systems and Organizations","https://nvlpubs.nist.gov/nistpubs/SpecialPublications/NIST.SP.800-171r3.pdf","requirement; assessment objective","discussion; examine; interview; test; references; protection strategy; adversary effects; organization-defined parameters; withdraw_reason; prose","","","The printed Rev 3: front matter, chapter 1-2 framing and appendices, and the text REG-N03's CPRT export is verified against. Same publication as REG-N03, fetched as the PDF. Supplies page numbers to REG-N03's chunks and is the authority its statements are checked against. Chunking intent: by heading. Published 2024-05.",""
REG-N04,nist,sp-800-171a,"NIST SP 800-171A Rev. 3",r3,planned,-,authoritative,supporting,public,public,true,json,cprt-json,en,single,false,chunk,false,false,false,skipped,0,0,Rev. 3,-,-,-,-,-,-,"registry status is 'planned'",0,0,"","Assessing Security Requirements for Controlled Unclassified Information","https://csrc.nist.gov/extensions/nudp/services/json/nudp/framework/version/sp_800_171_a_3_0_0/export/json?element=all","determination","examine; interview; test; odp; odp_statement","","","As REG-N03; not admissible as support for a Rev 2 claim. CPRT export sp_800_171_a_3_0_0. The security_requirement elements it carries are the Rev 3 requirements restated for context and are retrieved from REG-N03, not here. Chunking intent: one chunk per element per objective, from the CPRT export. Published 2024-05.",""
REG-N04b,nist,sp-800-171a,"NIST SP 800-171A Rev. 3 (PDF)",r3,active,passing,authoritative,supporting,public,public,true,pdf,nist-companion,en,single,false,chunk,false,false,false,unchanged,960,0,Rev. 3,yes,-,-,yes,yes,-,"content hash matches the previous run; re-derived: built by pipeline 0.3.5, this is 0.3.6",5,0,"","Assessing Security Requirements for Controlled Unclassified Information","https://nvlpubs.nist.gov/nistpubs/SpecialPublications/NIST.SP.800-171Ar3.pdf","requirement; assessment objective","discussion; examine; interview; test; references; protection strategy; adversary effects; organization-defined parameters; withdraw_reason; prose","","","The printed Rev 3 assessment guide: procedure fundamentals and method definitions, and the text REG-N04's CPRT export is verified against. Same publication as REG-N04, fetched as the PDF. Supplies page numbers to REG-N04's chunks and is the authority its determinations are checked against. Chunking intent: by heading. Published 2024-05.",""
REG-N05,nist,sp-1318,"NIST SP 1318",2025-08,active,passing,derived,supporting,public,public,true,pdf,general,en,single,false,chunk,false,false,false,unchanged,26,0,2025-08,yes,-,-,yes,yes,-,"content hash matches the previous run; re-derived: built by pipeline 0.3.5, this is 0.3.6",1,0,"","Protecting Controlled Unclassified Information (CUI): NIST Special Publication 800-171, Revision 3 Small Business Primer","https://nvlpubs.nist.gov/nistpubs/SpecialPublications/NIST.SP.1318.pdf","","all","scenarios","","Plain-language explainer; business-audience entry text. Rev 3 framing. Chunking intent: by section. Published 2025-08-13.",""
REG-N06,nist,sp-1352,"NIST SP 1352",2026-09,active,passing,derived,supporting,public,public,true,pdf,general,en,single,false,chunk,false,false,false,unchanged,18,0,2026-09,yes,-,-,yes,yes,-,"content hash matches the previous run; re-derived: built by pipeline 0.3.5, this is 0.3.6",1,0,"","Assessing Security Requirements for Controlled Unclassified Information (CUI): NIST SP 800-171Ar3 Small Business Primer","https://nvlpubs.nist.gov/nistpubs/SpecialPublications/NIST.SP.1352.pdf","","all","scenarios","","Companion to REG-N05. Chunking intent: by section. Published 2026-09-16.",""
REG-N09,nist,csf,"NIST CSF 2.0",2.0,planned,-,authoritative,supporting,public,public,true,json,cprt-json,en,single,false,chunk,false,false,false,skipped,0,0,2.0,-,-,-,-,-,-,"registry status is 'planned'",0,0,"","The NIST Cybersecurity Framework (CSF) 2.0","https://csrc.nist.gov/extensions/nudp/services/json/nudp/framework/version/csf_2_0_0/export/json?element=all","","all","","","Only for 'how does CMMC relate to CSF' questions. Chunking intent: by function/category. Published 2024-02-26.",""
REG-N10,nist,sp-800-172,"NIST SP 800-172",initial,active,passing,authoritative,requirement,public,public,true,json,cprt-json,en,single,false,chunk,false,false,false,unchanged,276,0,Initial,yes,-,-,yes,yes,-,"content hash matches the previous run; re-derived: built by pipeline 0.3.5, this is 0.3.6",1,0,"","Enhanced Security Requirements for Protecting Controlled Unclassified Information","https://csrc.nist.gov/extensions/nudp/services/json/nudp/framework/version/sp_800_172_1_0_0/export/json?element=all","enhanced_security_requirement; security_requirement","","adversary_effect; example; expected_result; discussion","","The 35 enhanced security requirements for APT-resistant CUI protection; the basis for CMMC Level 3. CPRT export sp_800_172_1_0_0 reports 35 security_requirement elements. Paired PDF NIST.SP.800-172.pdf carries chapters 1-2 and appendices; see REG-N10b. Chunking intent: by enhanced security requirement. Published 2021-02. Resolved 2026-10-06: 32 CFR 170 (REG-R01) incorporates by reference ""NIST SP 800-172, ... February 2021"" and selects the 24 Level 3 requirements from ""NIST SP 800-172 Feb2021"" - the initial revision, not Rev 3.",""
REG-N10b,nist,sp-800-172,"NIST SP 800-172 (PDF)",initial,active,passing,authoritative,requirement,public,public,true,pdf,nist-companion,en,single,false,chunk,false,false,false,unchanged,215,0,Initial,yes,-,-,yes,yes,-,"content hash matches the previous run; re-derived: built by pipeline 0.3.5, this is 0.3.6",5,0,"","Enhanced Security Requirements for Protecting Controlled Unclassified Information","https://nvlpubs.nist.gov/nistpubs/SpecialPublications/NIST.SP.800-172.pdf","requirement; assessment objective","discussion; examine; interview; test; references; protection strategy; adversary effects; organization-defined parameters; withdraw_reason; prose","","","The printed 800-172: chapters 1-2, the adversary-effects framing and appendices, and the text REG-N10's CPRT export is verified against. Same publication as REG-N10, fetched as the PDF. Supplies page numbers to REG-N10's chunks and is the authority its requirements are checked against. Chunking intent: by heading. Published 2021-02.",""
REG-N11,nist,sp-800-172a,"NIST SP 800-172A",initial,planned,-,authoritative,requirement,public,public,true,json,cprt-json,en,single,false,chunk,false,false,false,skipped,0,0,Initial,-,-,-,-,-,-,"registry status is 'planned'",0,0,"","Assessing Enhanced Security Requirements for Controlled Unclassified Information","https://csrc.nist.gov/extensions/nudp/services/json/nudp/framework/version/sp_800_172a_1_0_0/export/json?element=all","determination","examine; interview; test","","","The assessment objectives for the 35 enhanced requirements; the Level 3 assessment target. CPRT export sp_800_172a_1_0_0 reports 103 determination elements against 35 security requirements. Paired PDF NIST.SP.800-172A.pdf; see REG-N11b. Chunking intent: one chunk per field per objective: {id}/determination, {id}/methods_objects. Published 2022-03.",""
REG-N11b,nist,sp-800-172a,"NIST SP 800-172A (PDF)",initial,active,passing,authoritative,requirement,public,public,true,pdf,nist-companion,en,single,false,chunk,false,false,false,unchanged,365,0,Initial,yes,-,-,yes,yes,-,"content hash matches the previous run; re-derived: built by pipeline 0.3.5, this is 0.3.6",3,0,"","Assessing Enhanced Security Requirements for Controlled Unclassified Information","https://nvlpubs.nist.gov/nistpubs/SpecialPublications/NIST.SP.800-172A.pdf","requirement; assessment objective","discussion; examine; interview; test; references; protection strategy; adversary effects; organization-defined parameters; withdraw_reason; prose","","","The printed 800-172A: assessment procedure fundamentals and method definitions, and the text REG-N11's CPRT export is verified against. Same publication as REG-N11, fetched as the PDF. Supplies page numbers to REG-N11's chunks and is the authority its determinations are checked against. Chunking intent: by heading. Published 2022-03.",""
REG-N12,nist,sp-800-172,"NIST SP 800-172 Rev. 3",r3,planned,-,authoritative,supporting,public,public,true,json,cprt-json,en,single,false,chunk,false,false,false,skipped,0,0,Rev. 3,-,-,-,-,-,-,"registry status is 'planned'",0,0,"","Enhanced Security Requirements for Protecting Controlled Unclassified Information","https://csrc.nist.gov/extensions/nudp/services/json/nudp/framework/version/sp_800_172_3_0_0/export/json?element=all","enhanced_security_requirement; security_requirement","reference; odp; odp_statement","adversary_effect; example; expected_result; discussion","","Comparison intents only ('what changes in Rev 3'); never support for current Level 3 posture. CPRT export sp_800_172_3_0_0 also restates the Rev 3 assessment content that REG-N13 ingests. The determination, examine, interview and test elements are left unmapped here so they carry the conservative guidance default, and REG-N13 remains the row those are retrieved from. Chunking intent: one chunk per element per enhanced requirement, from the CPRT export. Published 2026-05; corrected 2026-10-08 from 2024-05, as the PDF reads May 2026.",""
REG-N12b,nist,sp-800-172,"NIST SP 800-172 Rev. 3 (PDF)",r3,active,passing,authoritative,supporting,public,public,true,pdf,nist-companion,en,single,false,chunk,false,false,false,unchanged,594,0,Rev. 3,yes,-,-,yes,yes,-,"content hash matches the previous run; re-derived: built by pipeline 0.3.5, this is 0.3.6",4,0,"","Enhanced Security Requirements for Protecting Controlled Unclassified Information","https://nvlpubs.nist.gov/nistpubs/SpecialPublications/NIST.SP.800-172r3.pdf","requirement; assessment objective","discussion; examine; interview; test; references; protection strategy; adversary effects; organization-defined parameters; withdraw_reason; prose","","","The printed Rev 3 enhanced requirements, and the text REG-N12's CPRT export is verified against. Same publication as REG-N12, fetched as the PDF. Chunking intent: by heading. Published 2026-05; corrected 2026-10-08 from 2024-05, as the PDF reads May 2026.",""
REG-N13,nist,sp-800-172a,"NIST SP 800-172A Rev. 3",r3,active,passing,authoritative,supporting,public,public,true,json,cprt-json,en,single,false,chunk,false,false,false,unchanged,947,0,Rev. 3,yes,-,-,yes,yes,-,"content hash matches the previous run; re-derived: built by pipeline 0.3.5, this is 0.3.6",1,0,"","Assessing Enhanced Security Requirements for Controlled Unclassified Information","https://csrc.nist.gov/extensions/nudp/services/json/nudp/framework/version/sp_800_172a_3_0_0/export/json?element=all","determination","examine; interview; test; odp; odp_statement","","","Comparison intents only; the Rev 3 assessment procedures, not the current Level 3 basis. CPRT export sp_800_172a_3_0_0. The enhanced_security_requirement elements it carries are restated for context and are retrieved from REG-N12, not here. Chunking intent: one chunk per element per objective, from the CPRT export. Published 2026-05; corrected 2026-10-08 from 2024-05, as the PDF reads May 2026.",""
REG-N13b,nist,sp-800-172a,"NIST SP 800-172A Rev. 3 (PDF)",r3,active,passing,authoritative,supporting,public,public,true,pdf,nist-companion,en,single,false,chunk,false,false,false,unchanged,183,0,Rev. 3,yes,-,-,yes,yes,-,"content hash matches the previous run; re-derived: built by pipeline 0.3.5, this is 0.3.6",6,0,"","Assessing Enhanced Security Requirements for Controlled Unclassified Information","https://nvlpubs.nist.gov/nistpubs/SpecialPublications/NIST.SP.800-172Ar3.pdf","requirement; assessment objective","discussion; examine; interview; test; references; protection strategy; adversary effects; organization-defined parameters; withdraw_reason; prose","","","The printed Rev 3 enhanced assessment procedures, and the text REG-N13's CPRT export is verified against. Same publication as REG-N13, fetched as the PDF. Chunking intent: by heading. Published 2026-05; corrected 2026-10-08 from 2024-05, as the PDF reads May 2026.",""
REG-N50,nist,sp-800-53,"NIST SP 800-53 Rev. 5.2",r5-2,active,passing,authoritative,supporting,public,public,true,json,cprt-json,en,single,false,chunk,false,false,false,unchanged,5300,0,Rev. 5.2.0,yes,-,-,yes,yes,-,"content hash matches the previous run; re-derived: built by pipeline 0.3.5, this is 0.3.6",2,0,"","Security and Privacy Controls for Information Systems and Organizations","https://csrc.nist.gov/extensions/nudp/services/json/nudp/framework/version/sp_800_53_5_2_0/export/json?element=all","control; control_enhancement","","discussion","","Subset (PLAN Phase 11): only the controls the corpus's mappings reach, computed in each build by subset 'sp800-53-scope' - 800-171 Rev 3's source controls and Appendix C CUI rows, 800-171 Rev 2's Appendix D mapping and Appendix E CUI/NFO rows, the NIST 800-53 R5.2 column of every SCF control mapping 800-171/171A (Rev 2 and Rev 3), CMMC Level 1 or 2, DFARS 252.204-7012, FAR 52.204-21/-25/-27 or ITSP-10-171, and the Rev 5 successors of any of those Rev 5 withdrew. The kept list, with each control's sources, is written beside the chunks as subset.json; the bibliography (reference) is kept whole. The export is read whole first, so expected_requirements still checks it. Release 5.2.0, the version the CPRT export names (SP_800_53_5_2_0), published 2025-08. Version corrected 2026-10-08 from ""Rev. 5"", which named the revision but not the release.",""
REG-N51,nist,sp-800-53a,"NIST SP 800-53A Rev. 5.2",r5-2,planned,-,authoritative,supporting,public,public,true,json,cprt-json,en,single,false,chunk,false,false,false,skipped,0,0,Rev. 5.2.0,-,-,-,-,-,-,"registry status is 'planned'",0,0,"","Assessing Security and Privacy Controls in Information Systems and Organizations","https://csrc.nist.gov/extensions/nudp/services/json/nudp/framework/version/sp_800_53_a_5_2_0/export/json?element=all","determination","examine; interview; test","","","Assessment procedures for the REG-N50 subset only. Chunking intent: by assessment procedure, same subset filter as REG-N50. Release 5.2.0 (CPRT export sp_800_53_a_5_2_0), published 2025-08; version set with REG-N50 on 2026-10-08.",""
REG-N52,nist,sp-800-88,"NIST SP 800-88 Rev. 2",r2,active,passing,authoritative,guidance,public,public,true,pdf,general,en,single,false,chunk,false,false,false,unchanged,44,0,Rev. 2,yes,-,-,yes,yes,-,"content hash matches the previous run; re-derived: built by pipeline 0.3.5, this is 0.3.6",1,0,"","Guidelines for Media Sanitization","https://nvlpubs.nist.gov/nistpubs/SpecialPublications/NIST.SP.800-88r2.pdf","","prose","","","How to plan and carry out media sanitization (clear, purge, destroy) and verify it; the reference behind NIST SP 800-171 3.8.3 and the CUI Policy's sanitization requirement. September 2025 (approved 2025-09-12); supersedes Revision 1 (REG-N54). Revision 2 replaces 'electronic media' with 'information storage media' (the FAQ, REG-N53). Added 2026-10-10 (Document Plan DP-B5). Chunking intent: by heading.",""
REG-N53,nist,sp-800-88-faq,"NIST SP 800-88 Rev. 2 FAQ",2026-07-16,active,passing,authoritative,guidance,public,public,true,pdf,general,en,single,false,chunk,false,false,false,unchanged,4,0,2026-07-16,yes,-,-,yes,yes,-,"content hash matches the previous run; re-derived: built by pipeline 0.3.5, this is 0.3.6",1,0,"","Frequently Asked Questions for NIST SP 800-88r2, Guidelines for Media Sanitization","https://csrc.nist.gov/files/pubs/sp/800/88/r2/final/docs/sp800-88r2-faq.pdf","","prose","","","NIST's questions and answers on Revision 2 (REG-N52): what changed from Revision 1, the move to 'information storage media', and how the revision is meant to be applied. Dated July 16, 2026. Added 2026-10-10 (DP-B5). Chunking intent: one chunk per question.",""
REG-N54,nist,sp-800-88,"NIST SP 800-88 Rev. 1",r1,active,passing,authoritative,supporting,public,public,true,pdf,general,en,single,false,chunk,false,false,false,unchanged,92,0,Rev. 1,yes,-,-,yes,yes,-,"content hash matches the previous run; re-derived: built by pipeline 0.3.5, this is 0.3.6",1,0,"","Guidelines for Media Sanitization","https://nvlpubs.nist.gov/nistpubs/SpecialPublications/NIST.SP.800-88r1.pdf","","prose","","","December 2014; withdrawn 2025-09-26 and superseded by Revision 2 (REG-N52), and the file NIST serves opens with that withdrawal notice. Kept active on purpose: CUI documents still cite Revision 1 for sanitization, including the destruction of paper media containing CUI, so the text they point at has to be retrievable. Answer current-practice questions from Revision 2. Added 2026-10-10 (DP-B5). Chunking intent: by heading.",""
REG-R01,cfr,32-cfr-170,"32 CFR Part 170",2024-12-16,active,passing,authoritative,requirement,public,public,true,xml,ecfr-xml,en,single,false,chunk,false,false,false,unchanged,153,0,Final rule,yes,-,yes,yes,yes,-,"content hash matches the previous run; re-derived: built by pipeline 0.3.5, this is 0.3.6",3,0,"","Cybersecurity Maturity Model Certification (CMMC) Program","https://www.ecfr.gov/current/title-32/subtitle-A/chapter-I/subchapter-G/part-170","rule text; definition","regulatory note; appendix text","","","Program rule: levels, scoping, assessment, POA&M limits (§170.21), affirmation. Chunking intent: by section (170.x). Published 2024-10-15 (effective 2024-12-16). Decided 2026-10-06: version_slug is the eCFR 'as_of' date of the text held (2024-12-16, the part's latest amendment). When the eCFR reports a later as_of, update version_slug to it. version (which feeds chunk_id) is unchanged.",""
REG-R02,cfr,32-cfr-2002,"32 CFR Part 2002",2016-12-22,active,passing,authoritative,requirement,public,public,true,xml,ecfr-xml,en,single,false,chunk,false,false,false,unchanged,150,0,Final rule,yes,-,yes,yes,yes,-,"content hash matches the previous run; re-derived: built by pipeline 0.3.5, this is 0.3.6",3,0,"","Controlled Unclassified Information","https://www.ecfr.gov/current/title-32/subtitle-B/chapter-XX/part-2002","rule text; definition","regulatory note; appendix text","","","Government-wide CUI program rule (NARA/ISOO). Chunking intent: by section. Published 2016-09-14. Decided 2026-10-06: version_slug is the eCFR 'as_of' date of the text held (2016-12-22, the part's latest amendment). When the eCFR reports a later as_of, update version_slug to it. version (which feeds chunk_id) is unchanged. Decided 2026-10-06: Part 2002 (Controlled Unclassified Information), not Part 2000.",""
REG-R03,federal-register,dfars-case-2019-d041,"48 CFR Parts 204, 212, 217, 252 (DFARS Case 2019-D041)",2025-09-10,active,passing,authoritative,requirement,public,public,true,html,regulation-html,en,single,false,chunk,false,true,false,unchanged,43,0,2025-09-10,yes,-,yes,yes,yes,-,"content hash matches the previous run; re-derived: built by pipeline 0.3.5, this is 0.3.6",58,0,"","Defense Federal Acquisition Regulation Supplement: Assessing Contractor Implementation of Cybersecurity Requirements","https://www.federalregister.gov/documents/2025/09/10/2025-17359/defense-federal-acquisition-regulation-supplement-assessing-contractor-implementation-of","rule text; clause text; provision text; definition","prescription; amendatory instruction; regulatory note","","","Acquisition rule that places CMMC in contracts; source of clause text for REG-C05/REG-C06. Chunking intent: by amended section. Published 2025-09-10 (effective 2025-11-10). Decided 2026-10-06: REG-R03 and REG-R07 are one Federal Register document (FR Doc. 2025-17359, 90 FR 43560) split by normativity: R03 the amended clause text (requirement), R07 the preamble and comment responses (guidance). The split is intended; one fetch serves both.",""
REG-R04,dfars,class-deviation-2024-o0013,"DFARS Class Deviation 2024-O0013, Revision 1",r1,active,passing,authoritative,requirement,public,public,true,pdf,general,en,single,false,chunk,false,false,false,unchanged,8,0,Rev. 1,yes,yes,-,yes,yes,-,"content hash matches the previous run; re-derived: built by pipeline 0.3.5, this is 0.3.6",3,0,"","Safeguarding Covered Defense Information and Cyber Incident Reporting — class deviation pinning DFARS 252.204-7012 to NIST SP 800-171 Revision 2","https://www.acq.osd.mil/dpap/policy/policyvault/USA001074-24-DPC.pdf","deviation text","background","","","The instrument that keeps Rev 2 as the DoD requirement despite NIST's Rev 3 and its withdrawal of Rev 2; first answer to 'why not Rev 3'. Chunking intent: whole memo + per paragraph. Published 2024-05-02 (Rev. 1 later in 2024). Confirmed current 2026-10-07 (user): Revision 1 is the current revision.",""
REG-R05,dfars,class-deviation-2026-02-01-rfo,"DFARS class deviations of 2026-02-01 (Revolutionary FAR Overhaul)",current,cancelled,-,authoritative,requirement,public,public,true,html,regulation-html,en,single,false,register-only,false,false,false,skipped,0,0,current,-,-,-,-,-,-,"registry status is 'cancelled'",0,0,"","RFO DFARS class deviations affecting Subpart 204.73 — elimination of 252.204-7019 and renumbering of 252.204-7020 to 252.240-7997","https://www.acq.osd.mil/dpap/dars/class_deviations.html","deviation text","background","","","Explains the current status of the 7019/7020 assessment clauses; source for 'do we still have to post a self-assessment score'. Chunking intent: per deviation, once the individual deviations are named. Published 2026-02-01. Cancelled 2026-10-08: the deviation covering former Subpart 204.73 is DFARS Class Deviation 2026-O0025 (RFO Part 40, DFARS Part 240), held as REG-R09.",""
REG-R06,federal-register,89-fr-83092,"89 FR 83092 (2024-10-15), Docket DoD-2023-OS-0063",2024-10-15,active,passing,authoritative,guidance,public,public,true,html,regulation-html,en,single,false,chunk,false,true,false,unchanged,421,0,2024-10-15,yes,-,yes,yes,yes,-,"content hash matches the previous run; re-derived: built by pipeline 0.3.5, this is 0.3.6",11,0,"","Cybersecurity Maturity Model Certification (CMMC) Program — final rule, including Summary of Public Comments and DoD Responses","https://www.federalregister.gov/d/2024-22905/page-83092","","preamble; response","comment","","DoD's stated interpretation of 32 CFR 170 — ESP/CSP scope, MSPs, FedRAMP equivalency, POA&M limits, affirmation. Retrieved for 'why' and 'does this apply to' questions; never cited as the rule itself. Chunking intent: by comment topic / response.",""
REG-R07,federal-register,90-fr-43560,"90 FR 43560 (2025-09-10), FR Doc. 2025-17359, DFARS Case 2019-D041",2025-09-10,active,passing,authoritative,guidance,public,public,true,html,regulation-html,en,single,false,chunk,false,true,false,unchanged,111,0,2025-09-10,yes,-,yes,yes,yes,-,"content hash matches the previous run (bytes reused from REG-R03)",9,0,"","DFARS: Assessing Contractor Implementation of Cybersecurity Requirements — final rule, including Discussion and Analysis of public comments","https://www.federalregister.gov/documents/2025/09/10/2025-17359/defense-federal-acquisition-regulation-supplement-assessing-contractor-implementation-of","","preamble; response","comment","","DoD's interpretation of the contract clause — flow-down, subcontractor level determination, timing, ESPs. Guidance only. Chunking intent: by comment topic / response. Resolved 2026-10-06: the Federal Register API resolves FR Doc. 2025-17359 to 90 FR 43560, the citation recorded here.",""
REG-R08,federal-register,81-fr-63324,"81 FR 63324 (2016-09-14), FR Doc. 2016-21665",2016-09-14,active,passing,authoritative,guidance,public,public,true,html,regulation-html,en,single,false,chunk,false,true,false,unchanged,34,0,2016-09-14,yes,-,yes,yes,yes,-,"content hash matches the previous run; re-derived: built by pipeline 0.3.5, this is 0.3.6",9,0,"","Controlled Unclassified Information — final rule, including response to public comments","https://www.federalregister.gov/documents/2016/09/14/2016-21665/controlled-unclassified-information","","preamble; response","comment","","NARA/ISOO's stated interpretation of the CUI program rule it implements (32 CFR Part 2002, REG-R02). Retrieved for 'why' questions; never cited as the rule itself. Implements 32 CFR Part 2002 (REG-R02), the same relationship REG-R06 has to 32 CFR Part 170 (REG-R01). Chunking intent: by comment topic / response. Resolved 2026-10-06: the citation is the document's first page, 81 FR 63324, as the Federal Register API resolves FR Doc. 2016-21665; 81 FR 63336, the source list's, is a page inside it.",""
REG-R09,dfars,class-deviation-2026-o0025,"DFARS Class Deviation 2026-O0025, Revision 3",r3,active,passing,authoritative,requirement,public,public,true,pdf,general,en,single,false,chunk,false,false,false,unchanged,116,0,Rev. 3,yes,yes,-,yes,yes,-,"content hash matches the previous run; re-derived: built by pipeline 0.3.5, this is 0.3.6",3,0,"","Class Deviation: Revolutionary FAR Overhaul Part 40, DFARS Part 240, Information Security and Supply Chain Security","https://www.acq.osd.mil/dpap/dars/classdev/DFARS_RFO/Part-240/2026-O0025_Rev3_TAB_A_Deviation_Memo.pdf","deviation text","background","","","The RFO class deviation for DFARS Part 240. Directs contracting officers to use the revised FAR part 40 and the attached revised DFARS part 240 and PGI 240 in place of the codified text. Former Subpart 204.73 is now 240.370 (safeguarding covered defense information; 252.204-7008, -7009, -7012 and 252.240-7997, formerly 252.204-7020; 252.204-7019 is not carried); CMMC is 240.371 (252.204-7021 and 252.204-7025 retained). Revision 3, signed 2026-09-03, supersedes Revision 2 of 2026-07-16; the deviation is effective from 2026-02-01. 83 pages: memorandum (4) and Attachment 1. The publisher fails the TLS handshake from CI, so the row builds from its committed copy. Added 2026-10-08; replaces the index row REG-R05. Chunking intent: by section and clause.",""
REG-R10,cfr,32-cfr-236,"32 CFR Part 236",2024-04-11,active,passing,authoritative,requirement,public,public,true,xml,ecfr-xml,en,single,false,chunk,false,false,false,unchanged,72,0,2024-04-11,yes,-,yes,yes,yes,-,"content hash matches the previous run; re-derived: built by pipeline 0.3.5, this is 0.3.6",3,0,"","DoD's Defense Industrial Base (DIB) Cybersecurity (CS) Activities","https://www.ecfr.gov/current/title-32/subtitle-A/chapter-I/subchapter-M/part-236","rule text; definition","regulatory note; appendix text","","","The DIB CS program rule: mandatory cyber-incident reporting by DoD contractors, which DFARS 252.204-7012 cyber-incident reporting feeds, and the voluntary DIB CS program. Fetched through the eCFR API, as REG-R01 is. Version and version_slug are the part's latest amendment date the eCFR reports (2024-04-11). Added 2026-10-10 (DP-B5, hunt list #364). Chunking intent: by section (236.x).",""
REG-R11,dfars,class-deviation-2026-o0043,"DFARS Class Deviation 2026-O0043",2026-02-17,active,passing,authoritative,requirement,public,public,true,pdf,general,en,single,false,chunk,true,true,false,unchanged,2,0,2026-02-17,yes,yes,-,yes,yes,-,"content hash matches the previous run; re-derived: built by pipeline 0.3.5, this is 0.3.6",7,0,"","Class Deviation: Revolutionary FAR Overhaul Part 4, DFARS Part 204, Administrative and Information Matters (SPRS provision only)","https://www.acq.osd.mil/dpap/dars/classdev/DFARS_RFO/Part-204/2026-O0043_TAB_A_Deviation_Memo_Part_204.pdf","prose","","","","The Revolutionary FAR Overhaul class deviation for DFARS Part 204 (DARS 2026-O0043), effective 2026-02-17: use the revised FAR Part 4 and the attached DFARS Part 204 in place of the codified text. Only two parts are consumed: 204.7604, Solicitation provision, and 252.204-7024, Notice on the Use of the Supplier Performance Risk System. select.pages takes PDF pages 16 and 27-28 (ADR-0019); the section rules then drop what shares those pages: the end of 204.7603, the start of Subpart 204.77, 204.770-1 and 204.770-2. Their text differs from the codified DFARS: the codified 252.204-7024 (MAR 2023) points supplier risk at 239.7301, this one at DFARS 240. The publisher fails the TLS handshake from CI, so the row builds from its committed copy. Added 2026-10-10 (Document Plan DP-B8). Chunking intent: one chunk per section.",""
REG-S01,dod,dodi-5200.48,"DoDI 5200.48",2020-03-06,active,passing,authoritative,requirement,public,public,true,pdf,general,en,single,false,chunk,false,false,false,unchanged,44,0,2020-03-06,yes,yes,-,yes,yes,-,"content hash matches the previous run; re-derived: built by pipeline 0.3.5, this is 0.3.6",2,0,"","Controlled Unclassified Information (CUI)","https://www.esd.whs.mil/Portals/54/Documents/DD/issuances/dodi/520048p.PDF","policy statements; enclosure procedures","overview","","","DoD marking and handling; ingested as a document from the DoD CUI Program site. Chunking intent: by section and enclosure. Resolved 2026-10-06: the file the publisher serves reads ""Effective: March 6, 2020"" and carries no change notice; version 2020-03-06 records it.",""
REG-S02,disa,sprs-portal,"SPRS Portal",current,active,-,pointer,supporting,public,public,true,,general,en,single,false,pointer,false,false,false,skipped,0,0,current,-,-,-,-,-,-,"ingest is 'pointer'; the row names a source held elsewhere",0,0,"","Supplier Performance Risk System (SPRS)","https://www.sprs.csd.disa.mil/","","","","","Registered as a source with URL; not chunked. Optionally ingest the SPRS NIST SP 800-171 Assessment user guide.",""
REG-S03,dod-cio,cmmc-program-site,"DoD CIO CMMC Resources & Documentation",current,planned,-,pointer,supporting,public,public,true,,general,en,report-only,false,pointer,false,false,false,skipped,0,0,current,-,-,-,-,-,-,"registry status is 'planned'",0,0,"","DoD CIO CMMC Program Site — Resources & Documentation","https://dodcio.defense.gov/cmmc/Resources-Documentation/","","","","","Program home; re-crawl on a schedule to detect guide revisions.",""
REG-S04,dod,cui-program-site,"DoD CUI Program Site",current,planned,-,pointer,supporting,public,public,true,,general,en,report-only,false,pointer,false,false,false,skipped,0,0,current,-,-,-,-,-,-,"registry status is 'planned'",0,0,"","DoD CUI Program","https://www.dodcui.mil/","","","","","CUI Registry and marking guidance; REG-S01 is the ingested document.",""
REG-S05,dod-cio,fedramp-moderate-equivalency,"DoD CIO Memorandum, 2023-12-21",2023-12-21,active,passing,authoritative,requirement,public,public,true,pdf,scan,en,single,false,chunk,false,false,false,unchanged,2,0,2023-12-21,yes,yes,-,yes,yes,-,"content hash matches the previous run; re-derived: built by pipeline 0.3.5, this is 0.3.6",3,0,"","Federal Risk and Authorization Management Program Moderate Equivalency for Cloud Service Provider's Cloud Service Offerings","https://dodcio.defense.gov/Portals/0/Documents/Library/FEDRAMP-EquivalencyCloudServiceProviders.pdf","memo directives","background","","","Defines FedRAMP Moderate equivalency for CSOs under 7012(b)(2)(ii)(D): Body of Evidence (SSP, SAP, SAR, POA&M), annual 3PAO assessment, no self-attestation, and the Customer Responsibility Matrix the contractor must provide to assessors. Chunking intent: by section. Published 2023-12-21. URL confirmed 2026-10-06: it serves the memorandum, built by OCR. Confirmed 2026-10-07: the 2023-12-21 memorandum is the latest version.",""
REG-S06,dod,dodi-5230.24,"DoDI 5230.24",2023-01-10,active,passing,authoritative,requirement,public,public,true,pdf,general,en,single,false,chunk,false,false,false,unchanged,34,0,2023-01-10,yes,yes,-,yes,yes,-,"content hash matches the previous run; re-derived: built by pipeline 0.3.5, this is 0.3.6",2,0,"","Distribution Statements on DoD Technical Information","https://www.esd.whs.mil/Portals/54/Documents/DD/issuances/dodi/523024p.pdf","policy statements; procedures; distribution statements and notices","general issuance information; responsibilities","","","Distribution statements A-F, the REL TO notice and the defense categories used to mark DoD technical information, including controlled technical information (CTI); aligns CTI marking with DoDI 5200.48 and 32 CFR 2002. Effective 2023-01-10; reissues and cancels the 2012 edition. Cleared for public release. Chunking intent: by section and paragraph.",""
REG-S07,isoo,cui-notice-2019-03,"CUI Notice 2019-03",2019-07-15,active,passing,authoritative,guidance,public,public,true,pdf,general,en,single,false,chunk,false,false,false,unchanged,4,0,2019-07-15,yes,-,-,yes,yes,-,"content hash matches the previous run; re-derived: built by pipeline 0.3.5, this is 0.3.6",1,0,"","Destroying Controlled Unclassified Information (CUI) in Paper Form","https://www.archives.gov/files/cui/documents/20190715-cui-notice-2019-03-destroying-cui-in-paper-form.pdf","notice directives","purpose; background","","","CUI Notice issued by ISOO as CUI Executive Agent: single-step and multi-step methods for destroying CUI in paper form, including the 1 mm x 5 mm cross-cut particle standard, under 32 CFR 2002.14(f). Dated 2019-07-15. Chunking intent: by numbered paragraph and the attachment's guidelines.",""
REG-S08,isoo,isoo-notice-2022-01,"ISOO Notice 2022-01",2022-05-09,active,passing,authoritative,guidance,public,public,true,pdf,general,en,single,false,chunk,false,false,false,unchanged,3,0,2022-05-09,yes,-,-,yes,yes,-,"content hash matches the previous run; re-derived: built by pipeline 0.3.5, this is 0.3.6",1,0,"","Digital Signatures on Standard Form (SF) 312, Classified Information Nondisclosure Agreement","https://www.archives.gov/files/isoo/notices/isoo-notice-2022-01-digital-signatures-on-sf-312.pdf","notice directives","purpose; background","","","Permits agencies to use digital signatures on the SF 312 Classified Information Nondisclosure Agreement when they meet the notice's requirements. Effective 2022-05-09. Chunking intent: by section.",""
REG-S09,isoo,isoo-notice-2026-01,"ISOO Notice 2026-01",2026-03-30,active,passing,authoritative,guidance,public,public,true,pdf,general,en,single,false,chunk,false,false,false,unchanged,4,0,2026-03-30,yes,-,-,yes,yes,-,"content hash matches the previous run; re-derived: built by pipeline 0.3.5, this is 0.3.6",1,0,"","Responsible Use of Classified National Security Information and Controlled Unclassified Information with Artificial Intelligence","https://www.archives.gov/files/isoo/notices/isoo-notice-2026-01-responsible-use-of-cnsi-and-cui-with-ai-508.pdf","notice directives","purpose; background","","","Agency handling of classified national security information and CUI with AI systems and tools: neither may be entered into AI systems that are internet-connected or not accredited for it. Dated 2026-03-30; this url is the Section 508 accessible rendition. Chunking intent: by section.",""
REG-S10,dod,cti-marking-guidance,"OUSD(R&E) / OUSD(I&S) Memorandum, 2021-03-31",2021-03-31,active,passing,authoritative,guidance,public,public,true,pdf,general,en,single,false,chunk,false,false,false,unchanged,4,0,2021-03-31,yes,yes,-,yes,yes,-,"content hash matches the previous run; re-derived: built by pipeline 0.3.5, this is 0.3.6",2,0,"","Clarifying Guidance for Marking and Handling Controlled Technical Information in accordance with DoD Instruction 5200.48","https://www.dodcui.mil/Portals/109/Documents/Policy%20Docs/Clarifying%20Guidance%20for%20Marking%20and%20Handling_CTI%2020210331.pdf?ver=HXGACULisTzB7tYu7MtHIg%3D%3D","memo directives","background; attachments","","","Joint OUSD(R&E) and OUSD(I&S) memorandum clarifying DoDI 5200.48 for controlled technical information (CTI): distribution statements and the CTI definition, existing contracts, and RDT&E and fundamental research, with attachments on CTI and fundamental research. Signed 2021-03-31; cleared for open publication 2023-02-17. Chunking intent: by numbered paragraph and attachment.",""
